Age Group,Genre (Topic),Set (Series) Name,Book Title,Number,Books in Set,priority
Adult (Seniors),Word Search,Word Search for Retired Nurses,Word Search for Retired Nurses: Hospital Life,1,6,High
Adult (Seniors),Word Search,Word Search for Retired Nurses,Word Search for Retired Nurses: Medical Terms A-Z,2,6,High
Adult (Seniors),Word Search,Word Search for Retired Nurses,Word Search for Retired Nurses: Nursing Specialties,3,6,High
Adult (Seniors),Word Search,Word Search for Retired Nurses,Word Search for Retired Nurses: Holidays on the Ward,4,6,High
Adult (Seniors),Word Search,Word Search for Retired Nurses,Word Search for Retired Nurses: Retirement Memories,5,6,High
Adult (Seniors),Word Search,Word Search for Retired Nurses,Word Search for Retired Nurses: Anatomy & Physiology,6,6,High
Adult,Word Search,Word Search for Gardeners,Word Search for Gardeners: Flowers,1,6,High
Adult,Word Search,Word Search for Gardeners,Word Search for Gardeners: Vegetables,2,6,High
Adult,Word Search,Word Search for Gardeners,Word Search for Gardeners: Herbs,3,6,High
Adult,Word Search,Word Search for Gardeners,Word Search for Gardeners: Garden Tools & Techniques,4,6,High
Adult,Word Search,Word Search for Gardeners,Word Search for Gardeners: Backyard Birds,5,6,High
Adult,Word Search,Word Search for Gardeners,Word Search for Gardeners: Seasons in the Garden,6,6,High
Adult,Word Search,Faith & Scripture Word Search,Faith & Scripture Word Search: Old Testament,1,8,High
Adult,Word Search,Faith & Scripture Word Search,Faith & Scripture Word Search: New Testament,2,8,High
Adult,Word Search,Faith & Scripture Word Search,Faith & Scripture Word Search: Psalms & Proverbs,3,8,High
Adult,Word Search,Faith & Scripture Word Search,Faith & Scripture Word Search: Parables of Jesus,4,8,High
Adult,Word Search,Faith & Scripture Word Search,Faith & Scripture Word Search: Women of the Bible,5,8,High
Adult,Word Search,Faith & Scripture Word Search,Faith & Scripture Word Search: The Christmas Story,6,8,High
Adult,Word Search,Faith & Scripture Word Search,Faith & Scripture Word Search: The Easter Story,7,8,High
Adult,Word Search,Faith & Scripture Word Search,Faith & Scripture Word Search: Hymns & Worship,8,8,High
Adult (Seniors),Word Search,Large Print Nostalgia Word Search,Large Print Nostalgia Word Search: The 1950s,1,6,High
Adult (Seniors),Word Search,Large Print Nostalgia Word Search,Large Print Nostalgia Word Search: The 1960s,2,6,High
Adult (Seniors),Word Search,Large Print Nostalgia Word Search,Large Print Nostalgia Word Search: The 1970s,3,6,High
Adult (Seniors),Word Search,Large Print Nostalgia Word Search,Large Print Nostalgia Word Search: Classic Movies,4,6,High
Adult (Seniors),Word Search,Large Print Nostalgia Word Search,Large Print Nostalgia Word Search: Classic Music,5,6,High
Adult (Seniors),Word Search,Large Print Nostalgia Word Search,Large Print Nostalgia Word Search: Old-Time Radio & TV,6,6,High
Adult,Word Search,Truckers & Road Warriors Word Search,Truckers & Road Warriors Word Search: Highway Slang,1,5,Medium-High
Adult,Word Search,Truckers & Road Warriors Word Search,Truckers & Road Warriors Word Search: US Route Trivia,2,5,Medium-High
Adult,Word Search,Truckers & Road Warriors Word Search,Truckers & Road Warriors Word Search: Truck Makes & Models,3,5,Medium-High
Adult,Word Search,Truckers & Road Warriors Word Search,Truckers & Road Warriors Word Search: Road Trip Snacks,4,5,Medium-High
Adult,Word Search,Truckers & Road Warriors Word Search,Truckers & Road Warriors Word Search: Trucking Life,5,5,Medium-High
Adult (Seniors),Crossword,Bold & Easy Crossword Ladders,Bold & Easy Crossword Ladders: Level 1: Easy,1,5,High
Adult (Seniors),Crossword,Bold & Easy Crossword Ladders,Bold & Easy Crossword Ladders: Level 2: Easy-Medium,2,5,High
Adult (Seniors),Crossword,Bold & Easy Crossword Ladders,Bold & Easy Crossword Ladders: Level 3: Medium,3,5,High
Adult (Seniors),Crossword,Bold & Easy Crossword Ladders,Bold & Easy Crossword Ladders: Level 4: Medium-Hard,4,5,High
Adult (Seniors),Crossword,Bold & Easy Crossword Ladders,Bold & Easy Crossword Ladders: Level 5: Hard,5,5,High
Adult,Crossword,Faith-Themed Crosswords,Faith-Themed Crosswords: Bible People,1,6,Medium-High
Adult,Crossword,Faith-Themed Crosswords,Faith-Themed Crosswords: Bible Places,2,6,Medium-High
Adult,Crossword,Faith-Themed Crosswords,Faith-Themed Crosswords: Bible Books,3,6,Medium-High
Adult,Crossword,Faith-Themed Crosswords,Faith-Themed Crosswords: Christian Hymns,4,6,Medium-High
Adult,Crossword,Faith-Themed Crosswords,Faith-Themed Crosswords: Christmas,5,6,Medium-High
Adult,Crossword,Faith-Themed Crosswords,Faith-Themed Crosswords: Easter,6,6,Medium-High
Adult,Cryptogram,Cryptogram Puzzles for History Buffs,Cryptogram Puzzles for History Buffs: Famous Quotes,1,6,Medium
Adult,Cryptogram,Cryptogram Puzzles for History Buffs,Cryptogram Puzzles for History Buffs: US Presidents,2,6,Medium
Adult,Cryptogram,Cryptogram Puzzles for History Buffs,Cryptogram Puzzles for History Buffs: World Leaders,3,6,Medium
Adult,Cryptogram,Cryptogram Puzzles for History Buffs,Cryptogram Puzzles for History Buffs: Ancient Civilizations,4,6,Medium
Adult,Cryptogram,Cryptogram Puzzles for History Buffs,Cryptogram Puzzles for History Buffs: WWII History,5,6,Medium
Adult,Cryptogram,Cryptogram Puzzles for History Buffs,Cryptogram Puzzles for History Buffs: Inventors & Inventions,6,6,Medium
Adult,Logic (KenKen/Kakuro),KenKen & Kakuro Brain Trainer,KenKen & Kakuro Brain Trainer: KenKen: Beginner,1,6,Medium
Adult,Logic (KenKen/Kakuro),KenKen & Kakuro Brain Trainer,KenKen & Kakuro Brain Trainer: KenKen: Intermediate,2,6,Medium
Adult,Logic (KenKen/Kakuro),KenKen & Kakuro Brain Trainer,KenKen & Kakuro Brain Trainer: KenKen: Advanced,3,6,Medium
Adult,Logic (KenKen/Kakuro),KenKen & Kakuro Brain Trainer,KenKen & Kakuro Brain Trainer: Kakuro: Beginner,4,6,Medium
Adult,Logic (KenKen/Kakuro),KenKen & Kakuro Brain Trainer,KenKen & Kakuro Brain Trainer: Kakuro: Intermediate,5,6,Medium
Adult,Logic (KenKen/Kakuro),KenKen & Kakuro Brain Trainer,KenKen & Kakuro Brain Trainer: Kakuro: Advanced,6,6,Medium
Adult,Nonogram / Picross,Nonogram Picture Logic Puzzles,Nonogram Picture Logic Puzzles: Animals,1,5,Medium
Adult,Nonogram / Picross,Nonogram Picture Logic Puzzles,Nonogram Picture Logic Puzzles: Everyday Objects,2,5,Medium
Adult,Nonogram / Picross,Nonogram Picture Logic Puzzles,Nonogram Picture Logic Puzzles: Nature,3,5,Medium
Adult,Nonogram / Picross,Nonogram Picture Logic Puzzles,Nonogram Picture Logic Puzzles: Holidays,4,5,Medium
Adult,Nonogram / Picross,Nonogram Picture Logic Puzzles,Nonogram Picture Logic Puzzles: Advanced Mixed,5,5,Medium
Adult (Seniors),Mixed Brain Games,Memory Care Brain Games for Seniors,Memory Care Brain Games for Seniors: Gentle Word Finds,1,6,High
Adult (Seniors),Mixed Brain Games,Memory Care Brain Games for Seniors,Memory Care Brain Games for Seniors: Simple Matching,2,6,High
Adult (Seniors),Mixed Brain Games,Memory Care Brain Games for Seniors,Memory Care Brain Games for Seniors: Easy Trivia,3,6,High
Adult (Seniors),Mixed Brain Games,Memory Care Brain Games for Seniors,Memory Care Brain Games for Seniors: Picture Recall,4,6,High
Adult (Seniors),Mixed Brain Games,Memory Care Brain Games for Seniors,Memory Care Brain Games for Seniors: Number Patterns,5,6,High
Adult (Seniors),Mixed Brain Games,Memory Care Brain Games for Seniors,Memory Care Brain Games for Seniors: Reminiscence Prompts,6,6,High
Kids (4-8),Maze,Dinosaur Maze Adventures,Dinosaur Maze Adventures: T-Rex & Friends,1,5,High
Kids (4-8),Maze,Dinosaur Maze Adventures,Dinosaur Maze Adventures: Jurassic Jungle,2,5,High
Kids (4-8),Maze,Dinosaur Maze Adventures,Dinosaur Maze Adventures: Ice Age Mazes,3,5,High
Kids (4-8),Maze,Dinosaur Maze Adventures,Dinosaur Maze Adventures: Ocean Dinosaurs,4,5,High
Kids (4-8),Maze,Dinosaur Maze Adventures,Dinosaur Maze Adventures: Dino Egg Hunt,5,5,High
Kids (4-8),Maze / Mixed Activity,Space Explorer Maze & Activity Book,Space Explorer Maze & Activity Book: Rocket to the Moon,1,5,High
Kids (4-8),Maze / Mixed Activity,Space Explorer Maze & Activity Book,Space Explorer Maze & Activity Book: Planet Hop,2,5,High
Kids (4-8),Maze / Mixed Activity,Space Explorer Maze & Activity Book,Space Explorer Maze & Activity Book: Alien Search,3,5,High
Kids (4-8),Maze / Mixed Activity,Space Explorer Maze & Activity Book,Space Explorer Maze & Activity Book: Star Maze,4,5,High
Kids (4-8),Maze / Mixed Activity,Space Explorer Maze & Activity Book,Space Explorer Maze & Activity Book: Space Station,5,5,High
Kids (8-12),Logic / Brain Teasers,Logic Puzzles for Kids by Grade,Logic Puzzles for Kids by Grade: Grade 3,1,6,Medium-High
Kids (8-12),Logic / Brain Teasers,Logic Puzzles for Kids by Grade,Logic Puzzles for Kids by Grade: Grade 4,2,6,Medium-High
Kids (8-12),Logic / Brain Teasers,Logic Puzzles for Kids by Grade,Logic Puzzles for Kids by Grade: Grade 5,3,6,Medium-High
Kids (8-12),Logic / Brain Teasers,Logic Puzzles for Kids by Grade,Logic Puzzles for Kids by Grade: Grade 6,4,6,Medium-High
Kids (8-12),Logic / Brain Teasers,Logic Puzzles for Kids by Grade,Logic Puzzles for Kids by Grade: Grade 7,5,6,Medium-High
Kids (8-12),Logic / Brain Teasers,Logic Puzzles for Kids by Grade,Logic Puzzles for Kids by Grade: Grade 8,6,6,Medium-High
Kids (4-8),Spot the Difference,Spot the Difference for Kids,Spot the Difference for Kids: Farm Animals,1,6,Medium-High
Kids (4-8),Spot the Difference,Spot the Difference for Kids,Spot the Difference for Kids: Jungle Safari,2,6,Medium-High
Kids (4-8),Spot the Difference,Spot the Difference for Kids,Spot the Difference for Kids: Under the Sea,3,6,Medium-High
Kids (4-8),Spot the Difference,Spot the Difference for Kids,Spot the Difference for Kids: Fairy Tale Land,4,6,Medium-High
Kids (4-8),Spot the Difference,Spot the Difference for Kids,Spot the Difference for Kids: Dinosaur World,5,6,Medium-High
Kids (4-8),Spot the Difference,Spot the Difference for Kids,Spot the Difference for Kids: Around the World,6,6,Medium-High
Kids (8-12),Riddles / Trivia,Riddle & Trivia Quiz Book for Road Trips,Riddle & Trivia Quiz Book for Road Trips: Animal Riddles,1,5,Medium
Kids (8-12),Riddles / Trivia,Riddle & Trivia Quiz Book for Road Trips,Riddle & Trivia Quiz Book for Road Trips: Geography Trivia,2,5,Medium
Kids (8-12),Riddles / Trivia,Riddle & Trivia Quiz Book for Road Trips,Riddle & Trivia Quiz Book for Road Trips: Science Facts,3,5,Medium
Kids (8-12),Riddles / Trivia,Riddle & Trivia Quiz Book for Road Trips,Riddle & Trivia Quiz Book for Road Trips: Silly Jokes & Riddles,4,5,Medium
Kids (8-12),Riddles / Trivia,Riddle & Trivia Quiz Book for Road Trips,Riddle & Trivia Quiz Book for Road Trips: Would You Rather,5,5,Medium
Adult,Coloring - Grayscale,Grayscale Photo-Realism Coloring for Adults,Grayscale Photo-Realism Coloring for Adults: Wildlife,1,6,High
Adult,Coloring - Grayscale,Grayscale Photo-Realism Coloring for Adults,Grayscale Photo-Realism Coloring for Adults: Flowers & Botanicals,2,6,High
Adult,Coloring - Grayscale,Grayscale Photo-Realism Coloring for Adults,Grayscale Photo-Realism Coloring for Adults: Landscapes,3,6,High
Adult,Coloring - Grayscale,Grayscale Photo-Realism Coloring for Adults,Grayscale Photo-Realism Coloring for Adults: Big Cats,4,6,High
Adult,Coloring - Grayscale,Grayscale Photo-Realism Coloring for Adults,Grayscale Photo-Realism Coloring for Adults: Ocean Life,5,6,High
Adult,Coloring - Grayscale,Grayscale Photo-Realism Coloring for Adults,Grayscale Photo-Realism Coloring for Adults: Winter Scenes,6,6,High
Adult (Seniors),Coloring - Bold & Easy,Bold & Easy Flowers Coloring Book,Bold & Easy Flowers Coloring Book: Roses & Peonies,1,5,High
Adult (Seniors),Coloring - Bold & Easy,Bold & Easy Flowers Coloring Book,Bold & Easy Flowers Coloring Book: Wildflowers,2,5,High
Adult (Seniors),Coloring - Bold & Easy,Bold & Easy Flowers Coloring Book,Bold & Easy Flowers Coloring Book: Tropical Blooms,3,5,High
Adult (Seniors),Coloring - Bold & Easy,Bold & Easy Flowers Coloring Book,Bold & Easy Flowers Coloring Book: Spring Garden,4,5,High
Adult (Seniors),Coloring - Bold & Easy,Bold & Easy Flowers Coloring Book,Bold & Easy Flowers Coloring Book: Sunflowers,5,5,High
Adult,Coloring - Pet Breeds,Dog Breed Coloring Book,Dog Breed Coloring Book: Golden Retriever & Labrador,1,6,High
Adult,Coloring - Pet Breeds,Dog Breed Coloring Book,Dog Breed Coloring Book: French Bulldog & Pug,2,6,High
Adult,Coloring - Pet Breeds,Dog Breed Coloring Book,Dog Breed Coloring Book: German Shepherd & Husky,3,6,High
Adult,Coloring - Pet Breeds,Dog Breed Coloring Book,Dog Breed Coloring Book: Poodle & Doodles,4,6,High
Adult,Coloring - Pet Breeds,Dog Breed Coloring Book,Dog Breed Coloring Book: Small Breeds,5,6,High
Adult,Coloring - Pet Breeds,Dog Breed Coloring Book,Dog Breed Coloring Book: Working Breeds,6,6,High
Adult,Coloring - Mandala / Wellness,Anxiety Relief Mandala Coloring by Feeling,Anxiety Relief Mandala Coloring by Feeling: Calm Breathing,1,6,Medium-High
Adult,Coloring - Mandala / Wellness,Anxiety Relief Mandala Coloring by Feeling,Anxiety Relief Mandala Coloring by Feeling: Panic Relief,2,6,Medium-High
Adult,Coloring - Mandala / Wellness,Anxiety Relief Mandala Coloring by Feeling,Anxiety Relief Mandala Coloring by Feeling: Social Anxiety Ease,3,6,Medium-High
Adult,Coloring - Mandala / Wellness,Anxiety Relief Mandala Coloring by Feeling,Anxiety Relief Mandala Coloring by Feeling: Sleep & Rest,4,6,Medium-High
Adult,Coloring - Mandala / Wellness,Anxiety Relief Mandala Coloring by Feeling,Anxiety Relief Mandala Coloring by Feeling: Grounding Patterns,5,6,Medium-High
Adult,Coloring - Mandala / Wellness,Anxiety Relief Mandala Coloring by Feeling,Anxiety Relief Mandala Coloring by Feeling: Self-Compassion,6,6,Medium-High
Adult,Coloring - Cozy Aesthetic,Cottagecore & Cozy Aesthetic Coloring Book,Cottagecore & Cozy Aesthetic Coloring Book: Mushroom Forest,1,5,Medium-High
Adult,Coloring - Cozy Aesthetic,Cottagecore & Cozy Aesthetic Coloring Book,Cottagecore & Cozy Aesthetic Coloring Book: Cottage Garden,2,5,Medium-High
Adult,Coloring - Cozy Aesthetic,Cottagecore & Cozy Aesthetic Coloring Book,Cottagecore & Cozy Aesthetic Coloring Book: Tea & Bakery,3,5,Medium-High
Adult,Coloring - Cozy Aesthetic,Cottagecore & Cozy Aesthetic Coloring Book,Cottagecore & Cozy Aesthetic Coloring Book: Autumn Cabin,4,5,Medium-High
Adult,Coloring - Cozy Aesthetic,Cottagecore & Cozy Aesthetic Coloring Book,Cottagecore & Cozy Aesthetic Coloring Book: Fairy Cottage,5,5,Medium-High
Adult,Coloring - Profession,Nurse & Teacher Appreciation Coloring Book,Nurse & Teacher Appreciation Coloring Book: Nurse Life,1,5,Medium-High
Adult,Coloring - Profession,Nurse & Teacher Appreciation Coloring Book,Nurse & Teacher Appreciation Coloring Book: Teacher Life,2,5,Medium-High
Adult,Coloring - Profession,Nurse & Teacher Appreciation Coloring Book,Nurse & Teacher Appreciation Coloring Book: Retired Nurse Edition,3,5,Medium-High
Adult,Coloring - Profession,Nurse & Teacher Appreciation Coloring Book,Nurse & Teacher Appreciation Coloring Book: Nursing School Humor,4,5,Medium-High
Adult,Coloring - Profession,Nurse & Teacher Appreciation Coloring Book,Nurse & Teacher Appreciation Coloring Book: Classroom Chaos,5,5,Medium-High
Kids (4-8),Coloring - Kids Animals,Dinosaur Coloring Book for Kids,Dinosaur Coloring Book for Kids: Meat Eaters,1,5,High
Kids (4-8),Coloring - Kids Animals,Dinosaur Coloring Book for Kids,Dinosaur Coloring Book for Kids: Plant Eaters,2,5,High
Kids (4-8),Coloring - Kids Animals,Dinosaur Coloring Book for Kids,Dinosaur Coloring Book for Kids: Flying & Swimming Dinos,3,5,High
Kids (4-8),Coloring - Kids Animals,Dinosaur Coloring Book for Kids,Dinosaur Coloring Book for Kids: Baby Dinosaurs,4,5,High
Kids (4-8),Coloring - Kids Animals,Dinosaur Coloring Book for Kids,Dinosaur Coloring Book for Kids: Dino World Map,5,5,High
Kids (4-8),Coloring - Kids Vehicles,Construction Vehicles Coloring Book,Construction Vehicles Coloring Book: Diggers & Excavators,1,5,High
Kids (4-8),Coloring - Kids Vehicles,Construction Vehicles Coloring Book,Construction Vehicles Coloring Book: Dump Trucks,2,5,High
Kids (4-8),Coloring - Kids Vehicles,Construction Vehicles Coloring Book,Construction Vehicles Coloring Book: Cranes & Cement Mixers,3,5,High
Kids (4-8),Coloring - Kids Vehicles,Construction Vehicles Coloring Book,Construction Vehicles Coloring Book: Fire Trucks & Rescue,4,5,High
Kids (4-8),Coloring - Kids Vehicles,Construction Vehicles Coloring Book,Construction Vehicles Coloring Book: Farm Machines,5,5,High
Kids (4-8),Coloring - Kids Fantasy,Unicorn & Mermaid Coloring Book,Unicorn & Mermaid Coloring Book: Rainbow Unicorns,1,5,High
Kids (4-8),Coloring - Kids Fantasy,Unicorn & Mermaid Coloring Book,Unicorn & Mermaid Coloring Book: Ocean Mermaids,2,5,High
Kids (4-8),Coloring - Kids Fantasy,Unicorn & Mermaid Coloring Book,Unicorn & Mermaid Coloring Book: Unicorn Princesses,3,5,High
Kids (4-8),Coloring - Kids Fantasy,Unicorn & Mermaid Coloring Book,Unicorn & Mermaid Coloring Book: Mermaid Kingdom,4,5,High
Kids (4-8),Coloring - Kids Fantasy,Unicorn & Mermaid Coloring Book,Unicorn & Mermaid Coloring Book: Magical Forest Friends,5,5,High
Kids (4-8),Coloring - Seasonal / Holiday,Holiday Coloring Book Bundle for Kids,Holiday Coloring Book Bundle for Kids: Christmas,1,5,High
Kids (4-8),Coloring - Seasonal / Holiday,Holiday Coloring Book Bundle for Kids,Holiday Coloring Book Bundle for Kids: Halloween,2,5,High
Kids (4-8),Coloring - Seasonal / Holiday,Holiday Coloring Book Bundle for Kids,Holiday Coloring Book Bundle for Kids: Easter,3,5,High
Kids (4-8),Coloring - Seasonal / Holiday,Holiday Coloring Book Bundle for Kids,Holiday Coloring Book Bundle for Kids: Valentine's Day,4,5,High
Kids (4-8),Coloring - Seasonal / Holiday,Holiday Coloring Book Bundle for Kids,Holiday Coloring Book Bundle for Kids: Thanksgiving,5,5,High
Adult,Coloring - Historical Fashion,Vintage Fashion Era Coloring Book,Vintage Fashion Era Coloring Book: 1920s Flapper,1,5,Medium
Adult,Coloring - Historical Fashion,Vintage Fashion Era Coloring Book,Vintage Fashion Era Coloring Book: 1950s Rockabilly,2,5,Medium
Adult,Coloring - Historical Fashion,Vintage Fashion Era Coloring Book,Vintage Fashion Era Coloring Book: 1960s Mod,3,5,Medium
Adult,Coloring - Historical Fashion,Vintage Fashion Era Coloring Book,Vintage Fashion Era Coloring Book: 1970s Disco,4,5,Medium
Adult,Coloring - Historical Fashion,Vintage Fashion Era Coloring Book,Vintage Fashion Era Coloring Book: 1980s Glam,5,5,Medium
Adult,Coloring - Humor / Adult,Swear Word Coloring Book for Stress Relief,Swear Word Coloring Book for Stress Relief: Work Rage,1,5,Medium-High
Adult,Coloring - Humor / Adult,Swear Word Coloring Book for Stress Relief,Swear Word Coloring Book for Stress Relief: Mom Life,2,5,Medium-High
Adult,Coloring - Humor / Adult,Swear Word Coloring Book for Stress Relief,Swear Word Coloring Book for Stress Relief: Office Humor,3,5,Medium-High
Adult,Coloring - Humor / Adult,Swear Word Coloring Book for Stress Relief,Swear Word Coloring Book for Stress Relief: Everyday Frustrations,4,5,Medium-High
Adult,Coloring - Humor / Adult,Swear Word Coloring Book for Stress Relief,Swear Word Coloring Book for Stress Relief: Holiday Stress,5,5,Medium-High
Adult,Gratitude Journal,90-Day Guided Gratitude Journal,90-Day Guided Gratitude Journal: For Women,1,5,High
Adult,Gratitude Journal,90-Day Guided Gratitude Journal,90-Day Guided Gratitude Journal: For Men,2,5,High
Adult,Gratitude Journal,90-Day Guided Gratitude Journal,90-Day Guided Gratitude Journal: For Teens,3,5,High
Adult,Gratitude Journal,90-Day Guided Gratitude Journal,90-Day Guided Gratitude Journal: For Busy Moms,4,5,High
Adult,Gratitude Journal,90-Day Guided Gratitude Journal,90-Day Guided Gratitude Journal: For Teachers,5,5,High
Adult,Guided Journal - Self-Development,Shadow Work Journal for Self-Discovery,Shadow Work Journal for Self-Discovery: Inner Child,1,5,High
Adult,Guided Journal - Self-Development,Shadow Work Journal for Self-Discovery,Shadow Work Journal for Self-Discovery: Limiting Beliefs,2,5,High
Adult,Guided Journal - Self-Development,Shadow Work Journal for Self-Discovery,Shadow Work Journal for Self-Discovery: Emotional Triggers,3,5,High
Adult,Guided Journal - Self-Development,Shadow Work Journal for Self-Discovery,Shadow Work Journal for Self-Discovery: Relationship Patterns,4,5,High
Adult,Guided Journal - Self-Development,Shadow Work Journal for Self-Discovery,Shadow Work Journal for Self-Discovery: Self-Worth,5,5,High
Adult,Guided Journal - Mental Health,Anxiety & Grief Reflection Journal,Anxiety & Grief Reflection Journal: Anxiety Relief,1,5,High
Adult,Guided Journal - Mental Health,Anxiety & Grief Reflection Journal,Anxiety & Grief Reflection Journal: Grief & Loss,2,5,High
Adult,Guided Journal - Mental Health,Anxiety & Grief Reflection Journal,Anxiety & Grief Reflection Journal: Self-Love,3,5,High
Adult,Guided Journal - Mental Health,Anxiety & Grief Reflection Journal,Anxiety & Grief Reflection Journal: Sobriety Reflection,4,5,High
Adult,Guided Journal - Mental Health,Anxiety & Grief Reflection Journal,Anxiety & Grief Reflection Journal: Caregiver Burnout,5,5,High
Adult,Logbook - Caregiver,Caregiver Daily Log & Planner,Caregiver Daily Log & Planner: Medication Tracker,1,5,High
Adult,Logbook - Caregiver,Caregiver Daily Log & Planner,Caregiver Daily Log & Planner: Appointment Planner,2,5,High
Adult,Logbook - Caregiver,Caregiver Daily Log & Planner,Caregiver Daily Log & Planner: Symptom Journal,3,5,High
Adult,Logbook - Caregiver,Caregiver Daily Log & Planner,Caregiver Daily Log & Planner: Daily Care Notes,4,5,High
Adult,Logbook - Caregiver,Caregiver Daily Log & Planner,Caregiver Daily Log & Planner: Respite & Self-Care,5,5,High
Adult,Memory / Wellness Journal,Postpartum & New Mom Journal,Postpartum & New Mom Journal: Pregnancy Journal,1,5,High
Adult,Memory / Wellness Journal,Postpartum & New Mom Journal,Postpartum & New Mom Journal: Postpartum Recovery,2,5,High
Adult,Memory / Wellness Journal,Postpartum & New Mom Journal,Postpartum & New Mom Journal: Baby's First Year,3,5,High
Adult,Memory / Wellness Journal,Postpartum & New Mom Journal,Postpartum & New Mom Journal: Breastfeeding Log,4,5,High
Adult,Memory / Wellness Journal,Postpartum & New Mom Journal,Postpartum & New Mom Journal: New Mom Self-Care,5,5,High
Adult,Planner - Condition-Specific,ADHD Daily Planner & Focus Tracker,ADHD Daily Planner & Focus Tracker: Daily Focus,1,5,High
Adult,Planner - Condition-Specific,ADHD Daily Planner & Focus Tracker,ADHD Daily Planner & Focus Tracker: Weekly Routine Builder,2,5,High
Adult,Planner - Condition-Specific,ADHD Daily Planner & Focus Tracker,ADHD Daily Planner & Focus Tracker: Habit & Task Tracker,3,5,High
Adult,Planner - Condition-Specific,ADHD Daily Planner & Focus Tracker,ADHD Daily Planner & Focus Tracker: Study Focus Edition,4,5,High
Adult,Planner - Condition-Specific,ADHD Daily Planner & Focus Tracker,ADHD Daily Planner & Focus Tracker: Work Focus Edition,5,5,High
Adult,Wellness Journal - Life Stage,Menopause Symptom & Wellness Journal,Menopause Symptom & Wellness Journal: Symptom Tracker,1,5,Medium-High
Adult,Wellness Journal - Life Stage,Menopause Symptom & Wellness Journal,Menopause Symptom & Wellness Journal: Hot Flash & Sleep Log,2,5,Medium-High
Adult,Wellness Journal - Life Stage,Menopause Symptom & Wellness Journal,Menopause Symptom & Wellness Journal: Mood & Hormone Journal,3,5,Medium-High
Adult,Wellness Journal - Life Stage,Menopause Symptom & Wellness Journal,Menopause Symptom & Wellness Journal: Nutrition & Movement,4,5,Medium-High
Adult,Wellness Journal - Life Stage,Menopause Symptom & Wellness Journal,Menopause Symptom & Wellness Journal: Perimenopause Edition,5,5,Medium-High
Adult,Notebook - Profession,Profession-Specific Notebook Collection,Profession-Specific Notebook Collection: Nurse Notes,1,6,Medium-High
Adult,Notebook - Profession,Profession-Specific Notebook Collection,Profession-Specific Notebook Collection: Teacher Planner,2,6,Medium-High
Adult,Notebook - Profession,Profession-Specific Notebook Collection,Profession-Specific Notebook Collection: Real Estate Agent Log,3,6,Medium-High
Adult,Notebook - Profession,Profession-Specific Notebook Collection,Profession-Specific Notebook Collection: Trucker Trip Log,4,6,Medium-High
Adult,Notebook - Profession,Profession-Specific Notebook Collection,Profession-Specific Notebook Collection: Salon Appointment Book,5,6,Medium-High
Adult,Notebook - Profession,Profession-Specific Notebook Collection,Profession-Specific Notebook Collection: Small Business Tracker,6,6,Medium-High
Adult,Hobby Logbook,Fishing & Hunting Log Book,Fishing & Hunting Log Book: Freshwater Fishing,1,5,Medium-High
Adult,Hobby Logbook,Fishing & Hunting Log Book,Fishing & Hunting Log Book: Saltwater Fishing,2,5,Medium-High
Adult,Hobby Logbook,Fishing & Hunting Log Book,Fishing & Hunting Log Book: Fly Fishing,3,5,Medium-High
Adult,Hobby Logbook,Fishing & Hunting Log Book,Fishing & Hunting Log Book: Deer Hunting,4,5,Medium-High
Adult,Hobby Logbook,Fishing & Hunting Log Book,Fishing & Hunting Log Book: Waterfowl Hunting,5,5,Medium-High
Adult,Hobby Planner,Garden Planner & Growing Journal,Garden Planner & Growing Journal: Vegetable Garden,1,5,Medium-High
Adult,Hobby Planner,Garden Planner & Growing Journal,Garden Planner & Growing Journal: Flower Garden,2,5,Medium-High
Adult,Hobby Planner,Garden Planner & Growing Journal,Garden Planner & Growing Journal: Herb Garden,3,5,Medium-High
Adult,Hobby Planner,Garden Planner & Growing Journal,Garden Planner & Growing Journal: Seed Starting Log,4,5,Medium-High
Adult,Hobby Planner,Garden Planner & Growing Journal,Garden Planner & Growing Journal: Zone-by-Zone Planting Guide,5,5,Medium-High
Adult,Vision Board Book,Vision Board & Goal Manifestation Journal,Vision Board & Goal Manifestation Journal: Career Goals,1,5,High
Adult,Vision Board Book,Vision Board & Goal Manifestation Journal,Vision Board & Goal Manifestation Journal: Financial Freedom,2,5,High
Adult,Vision Board Book,Vision Board & Goal Manifestation Journal,Vision Board & Goal Manifestation Journal: Health & Fitness,3,5,High
Adult,Vision Board Book,Vision Board & Goal Manifestation Journal,Vision Board & Goal Manifestation Journal: Relationships & Love,4,5,High
Adult,Vision Board Book,Vision Board & Goal Manifestation Journal,Vision Board & Goal Manifestation Journal: 12-Month Life Reset,5,5,High
Adult,Memory / Keepsake Journal,Baby & Pet Memory Keepsake Book,Baby & Pet Memory Keepsake Book: Baby's First Year,1,5,Medium-High
Adult,Memory / Keepsake Journal,Baby & Pet Memory Keepsake Book,Baby & Pet Memory Keepsake Book: Pet Memory Book,2,5,Medium-High
Adult,Memory / Keepsake Journal,Baby & Pet Memory Keepsake Book,Baby & Pet Memory Keepsake Book: Grandparent Memory Book,3,5,Medium-High
Adult,Memory / Keepsake Journal,Baby & Pet Memory Keepsake Book,Baby & Pet Memory Keepsake Book: Pregnancy Memory Book,4,5,Medium-High
Adult,Memory / Keepsake Journal,Baby & Pet Memory Keepsake Book,Baby & Pet Memory Keepsake Book: Family Reunion Memory Book,5,5,Medium-High
Adult,Wedding Planner,Wedding Planning Organizer,Wedding Planning Organizer: 12-Month Countdown Planner,1,5,Medium-High
Adult,Wedding Planner,Wedding Planning Organizer,Wedding Planning Organizer: Budget & Vendor Tracker,2,5,Medium-High
Adult,Wedding Planner,Wedding Planning Organizer,Wedding Planning Organizer: Guest List & Seating Planner,3,5,Medium-High
Adult,Wedding Planner,Wedding Planning Organizer,Wedding Planning Organizer: Bridal Shower Planner,4,5,Medium-High
Adult,Wedding Planner,Wedding Planning Organizer,Wedding Planning Organizer: Honeymoon Planner,5,5,Medium-High
Adult,Logbook - Organizer,Password Logbook & Home Organizer,Password Logbook & Home Organizer: Password Keeper,1,5,Medium
Adult,Logbook - Organizer,Password Logbook & Home Organizer,Password Logbook & Home Organizer: Home Maintenance Log,2,5,Medium
Adult,Logbook - Organizer,Password Logbook & Home Organizer,Password Logbook & Home Organizer: Recipe Keeper Journal,3,5,Medium
Adult,Logbook - Organizer,Password Logbook & Home Organizer,Password Logbook & Home Organizer: Subscription Tracker,4,5,Medium
Adult,Logbook - Organizer,Password Logbook & Home Organizer,Password Logbook & Home Organizer: Family Contact & Info Organizer,5,5,Medium
Kids (4-8),Activity Book - Toddler Learning,Toddler Tracing & Learning Activity Book,Toddler Tracing & Learning Activity Book: Letters A-Z,1,5,High
Kids (4-8),Activity Book - Toddler Learning,Toddler Tracing & Learning Activity Book,Toddler Tracing & Learning Activity Book: Numbers 1-20,2,5,High
Kids (4-8),Activity Book - Toddler Learning,Toddler Tracing & Learning Activity Book,Toddler Tracing & Learning Activity Book: Shapes & Colors,3,5,High
Kids (4-8),Activity Book - Toddler Learning,Toddler Tracing & Learning Activity Book,Toddler Tracing & Learning Activity Book: Scissor Skills,4,5,High
Kids (4-8),Activity Book - Toddler Learning,Toddler Tracing & Learning Activity Book,Toddler Tracing & Learning Activity Book: First Words,5,5,High
Kids (4-8),Workbook - Preschool,Preschool Prep Workbook,Preschool Prep Workbook: Alphabet & Phonics,1,5,High
Kids (4-8),Workbook - Preschool,Preschool Prep Workbook,Preschool Prep Workbook: Counting & Numbers,2,5,High
Kids (4-8),Workbook - Preschool,Preschool Prep Workbook,Preschool Prep Workbook: Shapes & Patterns,3,5,High
Kids (4-8),Workbook - Preschool,Preschool Prep Workbook,Preschool Prep Workbook: Fine Motor Skills,4,5,High
Kids (4-8),Workbook - Preschool,Preschool Prep Workbook,Preschool Prep Workbook: Kindergarten Readiness,5,5,High
Kids (8-12),Activity Book - Travel,Road Trip Activity Pack for Kids,Road Trip Activity Pack for Kids: USA Road Trip Edition,1,5,Medium-High
Kids (8-12),Activity Book - Travel,Road Trip Activity Pack for Kids,Road Trip Activity Pack for Kids: Beach Vacation Edition,2,5,Medium-High
Kids (8-12),Activity Book - Travel,Road Trip Activity Pack for Kids,Road Trip Activity Pack for Kids: Long Car Ride Survival,3,5,Medium-High
Kids (8-12),Activity Book - Travel,Road Trip Activity Pack for Kids,Road Trip Activity Pack for Kids: Airplane Activity Pack,4,5,Medium-High
Kids (8-12),Activity Book - Travel,Road Trip Activity Pack for Kids,Road Trip Activity Pack for Kids: Camping Trip Edition,5,5,Medium-High
Adult,Game Book - Party,Bridal Shower & Wedding Party Games Book,Bridal Shower & Wedding Party Games Book: Bridal Shower Games,1,5,Medium-High
Adult,Game Book - Party,Bridal Shower & Wedding Party Games Book,Bridal Shower & Wedding Party Games Book: Bachelorette Party Games,2,5,Medium-High
Adult,Game Book - Party,Bridal Shower & Wedding Party Games Book,Bridal Shower & Wedding Party Games Book: Baby Shower Games,3,5,Medium-High
Adult,Game Book - Party,Bridal Shower & Wedding Party Games Book,Bridal Shower & Wedding Party Games Book: Couples Shower Games,4,5,Medium-High
Adult,Game Book - Party,Bridal Shower & Wedding Party Games Book,Bridal Shower & Wedding Party Games Book: Wedding Reception Games,5,5,Medium-High
Adult,Novelty Notebook - Humor,Funny Gag Gift Notebook Collection,Funny Gag Gift Notebook Collection: Nurse Humor,1,6,Medium
Adult,Novelty Notebook - Humor,Funny Gag Gift Notebook Collection,Funny Gag Gift Notebook Collection: Teacher Humor,2,6,Medium
Adult,Novelty Notebook - Humor,Funny Gag Gift Notebook Collection,Funny Gag Gift Notebook Collection: Office Humor,3,6,Medium
Adult,Novelty Notebook - Humor,Funny Gag Gift Notebook Collection,Funny Gag Gift Notebook Collection: Mom Life Humor,4,6,Medium
Adult,Novelty Notebook - Humor,Funny Gag Gift Notebook Collection,Funny Gag Gift Notebook Collection: Retirement Humor,5,6,Medium
Adult,Novelty Notebook - Humor,Funny Gag Gift Notebook Collection,Funny Gag Gift Notebook Collection: Dad Joke Edition,6,6,Medium
Kids (4-8),Activity Book - Dot Marker,Dot Marker Activity Book for Toddlers,Dot Marker Activity Book for Toddlers: Animals,1,5,High
Kids (4-8),Activity Book - Dot Marker,Dot Marker Activity Book for Toddlers,Dot Marker Activity Book for Toddlers: Shapes & Numbers,2,5,High
Kids (4-8),Activity Book - Dot Marker,Dot Marker Activity Book for Toddlers,Dot Marker Activity Book for Toddlers: Ocean Life,3,5,High
Kids (4-8),Activity Book - Dot Marker,Dot Marker Activity Book for Toddlers,Dot Marker Activity Book for Toddlers: Farm Animals,4,5,High
Kids (4-8),Activity Book - Dot Marker,Dot Marker Activity Book for Toddlers,Dot Marker Activity Book for Toddlers: Holidays,5,5,High
Kids (8-12),Activity Book - Creative,Blank Comic Book Creator for Kids,Blank Comic Book Creator for Kids: Superhero Edition,1,5,Medium
Kids (8-12),Activity Book - Creative,Blank Comic Book Creator for Kids,Blank Comic Book Creator for Kids: Sci-Fi Edition,2,5,Medium
Kids (8-12),Activity Book - Creative,Blank Comic Book Creator for Kids,Blank Comic Book Creator for Kids: Fantasy Edition,3,5,Medium
Kids (8-12),Activity Book - Creative,Blank Comic Book Creator for Kids,Blank Comic Book Creator for Kids: Everyday Adventures Edition,4,5,Medium
Kids (8-12),Activity Book - Creative,Blank Comic Book Creator for Kids,Blank Comic Book Creator for Kids: Manga-Style Edition,5,5,Medium
Adult,Guest Book - Keepsake,Guest Book Collection for Life Events,Guest Book Collection for Life Events: Wedding Guest Book,1,5,Medium-High
Adult,Guest Book - Keepsake,Guest Book Collection for Life Events,Guest Book Collection for Life Events: Baby Shower Guest Book,2,5,Medium-High
Adult,Guest Book - Keepsake,Guest Book Collection for Life Events,Guest Book Collection for Life Events: Retirement Party Guest Book,3,5,Medium-High
Adult,Guest Book - Keepsake,Guest Book Collection for Life Events,Guest Book Collection for Life Events: Funeral / Memorial Guest Book,4,5,Medium-High
Adult,Guest Book - Keepsake,Guest Book Collection for Life Events,Guest Book Collection for Life Events: Housewarming Guest Book,5,5,Medium-High
Kids (3-5),Activity Book - Scissor Skills,Cut & Paste Scissor Skills Workbook,Cut & Paste Scissor Skills Workbook: Shapes & Lines,1,5,High
Kids (3-5),Activity Book - Scissor Skills,Cut & Paste Scissor Skills Workbook,Cut & Paste Scissor Skills Workbook: Animals,2,5,High
Kids (3-5),Activity Book - Scissor Skills,Cut & Paste Scissor Skills Workbook,Cut & Paste Scissor Skills Workbook: Vehicles,3,5,High
Kids (3-5),Activity Book - Scissor Skills,Cut & Paste Scissor Skills Workbook,Cut & Paste Scissor Skills Workbook: Food & Kitchen,4,5,High
Kids (3-5),Activity Book - Scissor Skills,Cut & Paste Scissor Skills Workbook,Cut & Paste Scissor Skills Workbook: Community Helpers,5,5,High
Kids (4-6),Workbook - Handwriting / Sight Words,Sight Words & Handwriting Practice Workbook,Sight Words & Handwriting Practice Workbook: Pre-K Sight Words,1,5,High
Kids (4-6),Workbook - Handwriting / Sight Words,Sight Words & Handwriting Practice Workbook,Sight Words & Handwriting Practice Workbook: Kindergarten Dolch Words,2,5,High
Kids (4-6),Workbook - Handwriting / Sight Words,Sight Words & Handwriting Practice Workbook,Sight Words & Handwriting Practice Workbook: First Grade Sight Words,3,5,High
Kids (4-6),Workbook - Handwriting / Sight Words,Sight Words & Handwriting Practice Workbook,Sight Words & Handwriting Practice Workbook: Sight Word Sentences,4,5,High
Kids (4-6),Workbook - Handwriting / Sight Words,Sight Words & Handwriting Practice Workbook,Sight Words & Handwriting Practice Workbook: Sight Words in Cursive,5,5,High
Kids (3-5),Workbook - Handwriting (Personalizable),Learn to Write My Name Workbook,Learn to Write My Name Workbook: Uppercase Letters,1,5,Medium-High
Kids (3-5),Workbook - Handwriting (Personalizable),Learn to Write My Name Workbook,Learn to Write My Name Workbook: Lowercase Letters,2,5,Medium-High
Kids (3-5),Workbook - Handwriting (Personalizable),Learn to Write My Name Workbook,Learn to Write My Name Workbook: Numbers 1-20,3,5,Medium-High
Kids (3-5),Workbook - Handwriting (Personalizable),Learn to Write My Name Workbook,Learn to Write My Name Workbook: My Name & Family Names,4,5,Medium-High
Kids (3-5),Workbook - Handwriting (Personalizable),Learn to Write My Name Workbook,Learn to Write My Name Workbook: First Words,5,5,Medium-High
Kids (4-6),Workbook - Phonics,Phonics & Letter Sounds Workbook,Phonics & Letter Sounds Workbook: Alphabet Sounds A-M,1,5,Medium-High
Kids (4-6),Workbook - Phonics,Phonics & Letter Sounds Workbook,Phonics & Letter Sounds Workbook: Alphabet Sounds N-Z,2,5,Medium-High
Kids (4-6),Workbook - Phonics,Phonics & Letter Sounds Workbook,Phonics & Letter Sounds Workbook: Blends & Digraphs,3,5,Medium-High
Kids (4-6),Workbook - Phonics,Phonics & Letter Sounds Workbook,Phonics & Letter Sounds Workbook: Short Vowels,4,5,Medium-High
Kids (4-6),Workbook - Phonics,Phonics & Letter Sounds Workbook,Phonics & Letter Sounds Workbook: Long Vowels,5,5,Medium-High
Kids (2-4),Activity Book - Toddler Busy Book,Busy Book: Quiet Activities for Toddlers,Busy Book: Quiet Activities for Toddlers: Matching & Sorting,1,5,High
Kids (2-4),Activity Book - Toddler Busy Book,Busy Book: Quiet Activities for Toddlers,Busy Book: Quiet Activities for Toddlers: Color Recognition,2,5,High
Kids (2-4),Activity Book - Toddler Busy Book,Busy Book: Quiet Activities for Toddlers,Busy Book: Quiet Activities for Toddlers: Mazes & Tracing,3,5,High
Kids (2-4),Activity Book - Toddler Busy Book,Busy Book: Quiet Activities for Toddlers,Busy Book: Quiet Activities for Toddlers: Counting Fun,4,5,High
Kids (2-4),Activity Book - Toddler Busy Book,Busy Book: Quiet Activities for Toddlers,Busy Book: Quiet Activities for Toddlers: Animal Friends,5,5,High
Kids (4-7),Workbook - Early Math,Number Bonds & Early Math Workbook,Number Bonds & Early Math Workbook: Counting 1-10,1,5,Medium-High
Kids (4-7),Workbook - Early Math,Number Bonds & Early Math Workbook,Number Bonds & Early Math Workbook: Counting 1-20,2,5,Medium-High
Kids (4-7),Workbook - Early Math,Number Bonds & Early Math Workbook,Number Bonds & Early Math Workbook: Addition Basics,3,5,Medium-High
Kids (4-7),Workbook - Early Math,Number Bonds & Early Math Workbook,Number Bonds & Early Math Workbook: Subtraction Basics,4,5,Medium-High
Kids (4-7),Workbook - Early Math,Number Bonds & Early Math Workbook,Number Bonds & Early Math Workbook: Shapes & Patterns,5,5,Medium-High
Kids (2-5),Activity Book - Sticker Book,Reusable Sticker Activity Book for Toddlers,Reusable Sticker Activity Book for Toddlers: Farm Animals,1,5,Medium-High
Kids (2-5),Activity Book - Sticker Book,Reusable Sticker Activity Book for Toddlers,Reusable Sticker Activity Book for Toddlers: Vehicles & Transportation,2,5,Medium-High
Kids (2-5),Activity Book - Sticker Book,Reusable Sticker Activity Book for Toddlers,Reusable Sticker Activity Book for Toddlers: Dinosaurs,3,5,Medium-High
Kids (2-5),Activity Book - Sticker Book,Reusable Sticker Activity Book for Toddlers,Reusable Sticker Activity Book for Toddlers: Under the Sea,4,5,Medium-High
Kids (2-5),Activity Book - Sticker Book,Reusable Sticker Activity Book for Toddlers,Reusable Sticker Activity Book for Toddlers: Around the World,5,5,Medium-High
Kids (4-6),Workbook - Kindergarten Prep,My First Workbook: Kindergarten Readiness,My First Workbook: Kindergarten Readiness: 100 Days of Practice,1,5,High
Kids (4-6),Workbook - Kindergarten Prep,My First Workbook: Kindergarten Readiness,My First Workbook: Kindergarten Readiness: Letters & Numbers Combo,2,5,High
Kids (4-6),Workbook - Kindergarten Prep,My First Workbook: Kindergarten Readiness,My First Workbook: Kindergarten Readiness: Following Directions,3,5,High
Kids (4-6),Workbook - Kindergarten Prep,My First Workbook: Kindergarten Readiness,My First Workbook: Kindergarten Readiness: Fine Motor Fun,4,5,High
Kids (4-6),Workbook - Kindergarten Prep,My First Workbook: Kindergarten Readiness,My First Workbook: Kindergarten Readiness: Summer Bridge to Kindergarten,5,5,High
Kids (2-4),Activity Book - Fine Motor Skills,Pre-Writing Strokes & Fine Motor Skills Workbook,Pre-Writing Strokes & Fine Motor Skills Workbook: Lines & Curves,1,5,Medium-High
Kids (2-4),Activity Book - Fine Motor Skills,Pre-Writing Strokes & Fine Motor Skills Workbook,Pre-Writing Strokes & Fine Motor Skills Workbook: Shapes & Patterns,2,5,Medium-High
Kids (2-4),Activity Book - Fine Motor Skills,Pre-Writing Strokes & Fine Motor Skills Workbook,Pre-Writing Strokes & Fine Motor Skills Workbook: Finger Tracing Fun,3,5,Medium-High
Kids (2-4),Activity Book - Fine Motor Skills,Pre-Writing Strokes & Fine Motor Skills Workbook,Pre-Writing Strokes & Fine Motor Skills Workbook: Pincer Grip Practice,4,5,Medium-High
Kids (2-4),Activity Book - Fine Motor Skills,Pre-Writing Strokes & Fine Motor Skills Workbook,Pre-Writing Strokes & Fine Motor Skills Workbook: Getting Ready to Write,5,5,Medium-High
Kids (3-6),Workbook - Bilingual Learning,Bilingual English-Spanish Toddler Learning Workbook,Bilingual English-Spanish Toddler Learning Workbook: Alphabet A-Z,1,5,Medium-High
Kids (3-6),Workbook - Bilingual Learning,Bilingual English-Spanish Toddler Learning Workbook,Bilingual English-Spanish Toddler Learning Workbook: Numbers 1-20,2,5,Medium-High
Kids (3-6),Workbook - Bilingual Learning,Bilingual English-Spanish Toddler Learning Workbook,Bilingual English-Spanish Toddler Learning Workbook: Colors & Shapes,3,5,Medium-High
Kids (3-6),Workbook - Bilingual Learning,Bilingual English-Spanish Toddler Learning Workbook,Bilingual English-Spanish Toddler Learning Workbook: Animals,4,5,Medium-High
Kids (3-6),Workbook - Bilingual Learning,Bilingual English-Spanish Toddler Learning Workbook,Bilingual English-Spanish Toddler Learning Workbook: Everyday Words,5,5,Medium-High
Adult,Blank Recipe Book / Keepsake,Recipe Keeper & Family Cookbook Journal,Recipe Keeper & Family Cookbook Journal: Family Recipes,1,5,Medium-High
Adult,Blank Recipe Book / Keepsake,Recipe Keeper & Family Cookbook Journal,Recipe Keeper & Family Cookbook Journal: Holiday Recipes,2,5,Medium-High
Adult,Blank Recipe Book / Keepsake,Recipe Keeper & Family Cookbook Journal,Recipe Keeper & Family Cookbook Journal: Baking Recipes,3,5,Medium-High
Adult,Blank Recipe Book / Keepsake,Recipe Keeper & Family Cookbook Journal,Recipe Keeper & Family Cookbook Journal: Grandma's Recipe Box,4,5,Medium-High
Adult,Blank Recipe Book / Keepsake,Recipe Keeper & Family Cookbook Journal,Recipe Keeper & Family Cookbook Journal: Recipes to Pass Down,5,5,Medium-High
Adult,Cookbook / Logbook - Single Appliance,Air Fryer & Single-Appliance Recipe Log,Air Fryer & Single-Appliance Recipe Log: Air Fryer,1,5,High
Adult,Cookbook / Logbook - Single Appliance,Air Fryer & Single-Appliance Recipe Log,Air Fryer & Single-Appliance Recipe Log: Slow Cooker,2,5,High
Adult,Cookbook / Logbook - Single Appliance,Air Fryer & Single-Appliance Recipe Log,Air Fryer & Single-Appliance Recipe Log: Instant Pot,3,5,High
Adult,Cookbook / Logbook - Single Appliance,Air Fryer & Single-Appliance Recipe Log,Air Fryer & Single-Appliance Recipe Log: Blender & Smoothie,4,5,High
Adult,Cookbook / Logbook - Single Appliance,Air Fryer & Single-Appliance Recipe Log,Air Fryer & Single-Appliance Recipe Log: Griddle,5,5,High
Adult,Cookbook - Diet Specific,Diet-Specific Micro Cookbook Series,Diet-Specific Micro Cookbook Series: Diabetic-Friendly,1,5,Medium-High
Adult,Cookbook - Diet Specific,Diet-Specific Micro Cookbook Series,Diet-Specific Micro Cookbook Series: Low-FODMAP,2,5,Medium-High
Adult,Cookbook - Diet Specific,Diet-Specific Micro Cookbook Series,Diet-Specific Micro Cookbook Series: Anti-Inflammatory,3,5,Medium-High
Adult,Cookbook - Diet Specific,Diet-Specific Micro Cookbook Series,Diet-Specific Micro Cookbook Series: Gluten-Free,4,5,Medium-High
Adult,Cookbook - Diet Specific,Diet-Specific Micro Cookbook Series,Diet-Specific Micro Cookbook Series: Heart-Healthy,5,5,Medium-High
Adult,Planner - Homeschool,Homeschool Planner & Curriculum Tracker,Homeschool Planner & Curriculum Tracker: Daily Lesson Planner,1,5,High
Adult,Planner - Homeschool,Homeschool Planner & Curriculum Tracker,Homeschool Planner & Curriculum Tracker: Weekly Curriculum Tracker,2,5,High
Adult,Planner - Homeschool,Homeschool Planner & Curriculum Tracker,Homeschool Planner & Curriculum Tracker: Attendance & Grades Log,3,5,High
Adult,Planner - Homeschool,Homeschool Planner & Curriculum Tracker,Homeschool Planner & Curriculum Tracker: Field Trip & Reading Log,4,5,High
Adult,Planner - Homeschool,Homeschool Planner & Curriculum Tracker,Homeschool Planner & Curriculum Tracker: Unit Study Planner,5,5,High
Adult,Planner / Tracker - Finance,Budget & Debt Payoff Tracker,Budget & Debt Payoff Tracker: Weekly Budget Planner,1,5,High
Adult,Planner / Tracker - Finance,Budget & Debt Payoff Tracker,Budget & Debt Payoff Tracker: Debt Snowball Tracker,2,5,High
Adult,Planner / Tracker - Finance,Budget & Debt Payoff Tracker,Budget & Debt Payoff Tracker: Savings Challenge Journal,3,5,High
Adult,Planner / Tracker - Finance,Budget & Debt Payoff Tracker,Budget & Debt Payoff Tracker: Bill & Expense Log,4,5,High
Adult,Planner / Tracker - Finance,Budget & Debt Payoff Tracker,Budget & Debt Payoff Tracker: Envelope Budgeting System,5,5,High
Adult,Logbook - Genealogy,Genealogy & Family History Organizer,Genealogy & Family History Organizer: Family Tree Record Book,1,5,Medium
Adult,Logbook - Genealogy,Genealogy & Family History Organizer,Genealogy & Family History Organizer: Ancestor Interview Journal,2,5,Medium
Adult,Logbook - Genealogy,Genealogy & Family History Organizer,Genealogy & Family History Organizer: Immigration & Records Tracker,3,5,Medium
Adult,Logbook - Genealogy,Genealogy & Family History Organizer,Genealogy & Family History Organizer: Photo & Document Log,4,5,Medium
Adult,Logbook - Genealogy,Genealogy & Family History Organizer,Genealogy & Family History Organizer: Family Reunion Planner,5,5,Medium
Adult,Logbook - Professional / Legal,Notary Public Record Journal,Notary Public Record Journal: Standard Notary Log,1,5,Medium
Adult,Logbook - Professional / Legal,Notary Public Record Journal,Notary Public Record Journal: Mobile Notary Log,2,5,Medium
Adult,Logbook - Professional / Legal,Notary Public Record Journal,Notary Public Record Journal: Loan Signing Log,3,5,Medium
Adult,Logbook - Professional / Legal,Notary Public Record Journal,Notary Public Record Journal: Notary + Witness Combo,4,5,Medium
Adult,Logbook - Professional / Legal,Notary Public Record Journal,Notary Public Record Journal: State-Specific Edition,5,5,Medium
Adult,Guided Journal - Recovery,Sobriety & Recovery Milestone Journal,Sobriety & Recovery Milestone Journal: 90-Day Sobriety Tracker,1,5,Medium-High
Adult,Guided Journal - Recovery,Sobriety & Recovery Milestone Journal,Sobriety & Recovery Milestone Journal: Daily Recovery Reflections,2,5,Medium-High
Adult,Guided Journal - Recovery,Sobriety & Recovery Milestone Journal,Sobriety & Recovery Milestone Journal: 12-Step Workbook Companion,3,5,Medium-High
Adult,Guided Journal - Recovery,Sobriety & Recovery Milestone Journal,Sobriety & Recovery Milestone Journal: Sober Milestone Log,4,5,Medium-High
Adult,Guided Journal - Recovery,Sobriety & Recovery Milestone Journal,Sobriety & Recovery Milestone Journal: Relapse Prevention Planner,5,5,Medium-High
Adult,Memory / Grief Journal,Pet Loss & Memorial Journal,Pet Loss & Memorial Journal: Dog Memorial Journal,1,5,Medium-High
Adult,Memory / Grief Journal,Pet Loss & Memorial Journal,Pet Loss & Memorial Journal: Cat Memorial Journal,2,5,Medium-High
Adult,Memory / Grief Journal,Pet Loss & Memorial Journal,Pet Loss & Memorial Journal: Pet Loss Grief Companion,3,5,Medium-High
Adult,Memory / Grief Journal,Pet Loss & Memorial Journal,Pet Loss & Memorial Journal: Pet Memory Scrapbook Journal,4,5,Medium-High
Adult,Memory / Grief Journal,Pet Loss & Memorial Journal,Pet Loss & Memorial Journal: Rainbow Bridge Keepsake,5,5,Medium-High
Adult,Hobby Logbook,Birdwatching & Nature Log,Birdwatching & Nature Log: Backyard Bird Log,1,5,Medium-High
Adult,Hobby Logbook,Birdwatching & Nature Log,Birdwatching & Nature Log: Life List Tracker,2,5,Medium-High
Adult,Hobby Logbook,Birdwatching & Nature Log,Birdwatching & Nature Log: National Parks Visited Log,3,5,Medium-High
Adult,Hobby Logbook,Birdwatching & Nature Log,Birdwatching & Nature Log: Hiking Trail Journal,4,5,Medium-High
Adult,Hobby Logbook,Birdwatching & Nature Log,Birdwatching & Nature Log: Wildflower & Nature Spotting Journal,5,5,Medium-High
